1,Nguyen Van A,01/01/2010,Male,0901234566,JV101
2,Nguyen Van B,11/07/2012,Female,0901234567,JV101
3,Nguyen Van C,21/12/2013,Female,0901234565,JV102
4,Nguyen Van D,21/12/2013,Male,0901234569,JV101
5,Nguyen Van E,21/12/2013,Other,0901234533,JV101
6,Nguyen Van F,21/12/2013,Male,0901234522,JV103
7,Nguyen Van G,21/12/2013,Female,0901234511,JV104
8,Nguyen Van H,21/12/2013,Female,0901234512,JV101
9,Nguyen Van K,21/12/2013,Male,0901234524,JV104
10,Nguyen Van J,21/12/2013,Male,0901234557,JV104
11,nguyen van df,0901324567,Male,02/02/2003,JV101
